id,first_name,last_name,email
1,Yalonda,Snar,ysnar0@elegantthemes.com
2,Perrine,Lampaert,plampaert1@netlog.com
3,Neill,Cabel,ncabel2@home.pl
4,Ardisj,Siebert,asiebert3@google.co.jp
5,Jacobo,Alejandro,jalejandro4@usnews.com
6,Celie,McTeer,cmcteer5@youtube.com
7,Goldina,McWard,gmcward6@paypal.com
8,Andre,Febry,afebry7@youtu.be
9,Johnna,Skitch,jskitch8@livejournal.com
10,Abbe,Lavelle,alavelle9@europa.eu
11,Elane,Lavarack,elavaracka@nbcnews.com
12,Joli,Longfoot,jlongfootb@blog.com
13,Cathrine,Lippiello,clippielloc@epa.gov
14,Nadiya,Verduin,nverduind@csmonitor.com
15,Donella,Chesnut,dchesnute@squidoo.com
16,Judy,McCaskill,jmccaskillf@zimbio.com
17,Faber,Radolf,fradolfg@sciencedirect.com
18,Fredric,Avis,favish@behance.net
19,Erie,MacTrusty,emactrustyi@dot.gov
20,Verney,Holsey,vholseyj@cocolog-nifty.com
21,Fitzgerald,Macconachy,fmacconachyk@hud.gov
22,Madge,Hillin,mhillinl@de.vu
23,Griffy,Josephs,gjosephsm@tinypic.com
24,Curcio,Kunkel,ckunkeln@ocn.ne.jp
25,Phillida,Volante,pvolanteo@mapy.cz
26,Enoch,Maudson,emaudsonp@friendfeed.com
27,Denis,Storer,dstorerq@cmu.edu
28,Valentijn,Antonescu,vantonescur@lulu.com
29,Trever,Burnside,tburnsides@opensource.org
30,Mordecai,O'Cleary,moclearyt@clickbank.net
31,Maye,Pitchford,mpitchfordu@exblog.jp
32,Adolphus,Shieber,ashieberv@amazon.de
33,Prince,Mitie,pmitiew@youku.com
34,Joshia,Flawn,jflawnx@woothemes.com
35,Devina,Longley,dlongleyy@storify.com
36,Giselbert,Kleinberer,gkleinbererz@123-reg.co.uk
37,Chet,Borer,cborer10@ft.com
38,Yorgos,Kerridge,ykerridge11@friendfeed.com
39,Brittney,Croutear,bcroutear12@jigsy.com
40,Matthaeus,Gennrich,mgennrich13@163.com
41,Pru,Finnigan,pfinnigan14@geocities.com
42,Mag,Danieli,mdanieli15@themeforest.net
43,Sebastien,Sutehall,ssutehall16@vistaprint.com
44,Cornall,Monteaux,cmonteaux17@squarespace.com
45,Zahara,Purcell,zpurcell18@ning.com
46,Georgetta,Mazzei,gmazzei19@bbc.co.uk
47,Cheslie,Dyett,cdyett1a@epa.gov
48,Orland,Scolli,oscolli1b@delicious.com
49,Monica,Attack,mattack1c@nba.com
50,Kaylee,Lamblot,klamblot1d@cafepress.com
51,Beverley,Yukhtin,byukhtin1e@1und1.de
52,Kaine,Pooke,kpooke1f@paginegialle.it
53,Roy,Kerfut,rkerfut1g@washingtonpost.com
54,Ferdinand,Turbefield,fturbefield1h@ovh.net
55,Chevy,Souten,csouten1i@desdev.cn
56,Regan,Eilhertsen,reilhertsen1j@last.fm
57,Ashia,Ioannou,aioannou1k@imageshack.us
58,Daile,Harbour,dharbour1l@squidoo.com
59,Traci,Pilkinton,tpilkinton1m@buzzfeed.com
60,Carce,Scraney,cscraney1n@alibaba.com
61,Marcelia,O'Scandall,moscandall1o@yahoo.co.jp
62,Jeno,Danelutti,jdanelutti1p@techcrunch.com
63,Allyn,Mandry,amandry1q@wisc.edu
64,Greggory,Kesey,gkesey1r@chicagotribune.com
65,Tedman,Coen,tcoen1s@joomla.org
66,Pembroke,Housiaux,phousiaux1t@netlog.com
67,Terrel,Haberfield,thaberfield1u@google.co.jp
68,Guinna,Fannon,gfannon1v@umn.edu
69,Alana,Leishman,aleishman1w@cbsnews.com
70,Dulcy,Kroger,dkroger1x@diigo.com
71,Juliana,Fawthorpe,jfawthorpe1y@mapquest.com
72,Bert,Scutchin,bscutchin1z@g.co
73,Ewell,Lamond,elamond20@cbc.ca
74,Gusta,Askwith,gaskwith21@geocities.jp
75,Cart,Challin,cchallin22@washington.edu
76,Tremaine,Weerdenburg,tweerdenburg23@tumblr.com
77,Jermaine,Mildner,jmildner24@goodreads.com
78,Farleigh,Smedmore,fsmedmore25@geocities.com
79,Gerrard,Ethington,gethington26@nsw.gov.au
80,Uri,Brecken,ubrecken27@blogger.com
81,Pearle,Greedyer,pgreedyer28@barnesandnoble.com
82,Delano,Selbie,dselbie29@themeforest.net
83,Ellery,Skitral,eskitral2a@miitbeian.gov.cn
84,Alberta,Archley,aarchley2b@mapy.cz
85,Tiertza,Gard,tgard2c@squidoo.com
86,Emili,Degan,edegan2d@ow.ly
87,Christen,Grogona,cgrogona2e@biglobe.ne.jp
88,Templeton,Watts,twatts2f@sciencedaily.com
89,Robina,Hachette,rhachette2g@washingtonpost.com
90,Yelena,Jeandet,yjeandet2h@ustream.tv
91,Friedrick,Cisec,fcisec2i@washington.edu
92,Zack,Hewlings,zhewlings2j@salon.com
93,Wildon,Roelvink,wroelvink2k@blog.com
94,Garey,Mewton,gmewton2l@jugem.jp
95,Felix,Kingzett,fkingzett2m@utexas.edu
96,Dorris,Lempenny,dlempenny2n@nydailynews.com
97,Annelise,McKerley,amckerley2o@prlog.org
98,Lilia,Jahnel,ljahnel2p@yahoo.com
99,North,Pelfer,npelfer2q@devhub.com
100,Desmund,Barkhouse,dbarkhouse2r@cdbaby.com
